{"accuracy": 0.711890243902439, "precision": 0.6666666666666666, "recall": 0.4050632911392405, "f1_score": 0.5039370078740157}